{
    "firestore": {
        "rules": "firestore.rules",
        "indexes": "firestore.indexes.json"
    },
    "hosting": {
        "public": "dist",
        "ignore": [
            "firebase.json",
            "**/.*",
            "**/node_modules/**"
        ],
        "rewrites": [
            {
                "source": "**",
                "destination": "/index.html"
            }
        ],
        "headers": [
            {
                "source": "**/*.@(js|css)",
                "headers": [
                    {
                        "key": "Cache-Control",
                        "value": "max-age=31536000"
                    }
                ]
            },
            {
                "source": "**/*.@(jpg|jpeg|gif|png|svg|webp|ico)",
                "headers": [
                    {
                        "key": "Cache-Control",
                        "value": "max-age=31536000"
                    }
                ]
            },
            {
                "source": "/manifest.json",
                "headers": [
                    {
                        "key": "Cache-Control",
                        "value": "max-age=86400"
                    }
                ]
            }
        ]
    }
}